{
	"name": "Set Animated Texture",
	"id": "e97e6118-faf2-e25b-b22b-8e7acf3def52",
	"inputs": [
		{
			"name": "Enter",
			"description": "Execute this node",
			"type": "Pulse",
			"displayType": "Exec",
			"nameKey": "graph_set_animated_texture_input_enter",
			"descriptionKey": "graph_set_animated_texture_input_enter_description",
			"displayTypeKey": "graph_type_exec"
		},
		{
			"name": "Animated Texture",
			"description": "The animated texture asset whose properties to set",
			"type": "Texture",
			"providerType": "Texture2DProvider",
			"displayType": "Texture",
			"nameKey": "graph_set_animated_texture_input_animatedtexture",
			"descriptionKey": "graph_set_animated_texture_input_animatedtexture_description",
			"displayTypeKey": "graph_type_texture"
		},
		{
			"name": "Loop Count",
			"description": "The number of times of looping the Animated Texture",
			"type": "Int",
			"range": [
				[
					-1,
					999999,
					1
				]
			],
			"default_value": "-1",
			"displayType": "Number",
			"nameKey": "graph_set_animated_texture_input_loopcount",
			"descriptionKey": "graph_set_animated_texture_input_loopcount_description",
			"displayTypeKey": "graph_type_number"
		},
		{
			"name": "Order",
			"description": "Set the play mode of the animated texture, including Forward, Random, Ping-pong and Shuffle",
			"type": "String",
			"displayType": "String",
			"value_list": [
				"Forward",
				"Ping-pong",
				"Random",
				"Shuffle"
			],
			"nameKey": "graph_set_animated_texture_input_order",
			"descriptionKey": "graph_set_animated_texture_input_order_description",
			"displayTypeKey": "graph_type_string",
			"value_list_i18n_keys": [
				"graph_set_animated_texture_input_order_valueList_forward",
				"graph_set_animated_texture_input_order_valueList_pingpong",
				"graph_set_animated_texture_input_order_valueList_random",
				"graph_set_animated_texture_input_order_valueList_shuffle"
			]
		},
		{
			"name": "FPS",
			"description": "Set the frame per second of this animated texture",
			"type": "Int",
			"displayType": "Number",
			"range": [
				[
					1,
					9999,
					1
				]
			],
			"nameKey": "graph_set_animated_texture_input_fps",
			"descriptionKey": "graph_set_animated_texture_input_fps_description",
			"displayTypeKey": "graph_type_number"
		},
		{
			"name": "Is Reverse",
			"nameKey": "graph_set_animated_texture_input_isreverse",
			"description": "Set to true if the playing of this animated texture needs to be reverse",
			"descriptionKey": "graph_set_animated_texture_input_isreverse_description",
			"type": "Bool",
			"displayType": "Boolean",
			"displayTypeKey": "graph_type_boolean"
		}
	],
	"outputs": [
		{
			"name": "Next",
			"description": "Execute the next node",
			"type": "Pulse",
			"displayType": "Exec",
			"nameKey": "graph_set_animated_texture_output_next",
			"descriptionKey": "graph_set_animated_texture_output_next_description",
			"displayTypeKey": "graph_type_exec"
		}
	],
	"nodeEvent": [
		"beforeStart"
	],
	"category": "Utility",
	"productTypes": [
		"EHI",
		"EHO",
		"EHD"
	],
	"js": "CGSetAnimatedTexture.js",
	"description": "Sets the asset properties of the specified animated texture",
	"version": "4.0.0",
	"onlineWebsite": "graph_set_animated_texture_website",
	"nameKey": "graph_set_animated_texture_name",
	"categoryKey": "graph_category_utility",
	"descriptionKey": "graph_set_animated_texture_description"
}