{
	"name": "Random",
	"id": "3e624cb6-d42e-bc92-4c4c-055462714321",
	"inputs": [
		{
			"name": "Min",
			"type": "Double",
			"default_value": "0",
			"description": "The minimum value (included) of the generated random number; if the minimum value is larger than maximum value, the minimum value becomes the maximum value",
			"displayType": "Number",
			"nameKey": "graph_random_input_min",
			"descriptionKey": "graph_random_input_min_description",
			"displayTypeKey": "graph_type_number"
		},
		{
			"name": "Max",
			"type": "Double",
			"default_value": "1",
			"description": "The maximum value (not included) of the generated random number; if the maximum value is smaller than minimum value, the maximum value becomes the minimum value",
			"displayType": "Number",
			"nameKey": "graph_random_input_max",
			"descriptionKey": "graph_random_input_max_description",
			"displayTypeKey": "graph_type_number"
		}
	],
	"outputs": [
		{
			"name": "Result",
			"type": "Double",
			"description": "The random number generated between Min and Max",
			"displayType": "Number",
			"nameKey": "graph_random_output_result",
			"descriptionKey": "graph_random_output_result_description",
			"displayTypeKey": "graph_type_number"
		}
	],
	"js": "CGRandom.js",
	"version": "1.0.2",
	"category": "Math",
	"description": "Generate a random number within a certain range.",
	"productTypes": [
		"EHO",
		"EHD",
		"EHI"
	],
	"nameKey": "graph_random_name",
	"categoryKey": "graph_category_math",
	"descriptionKey": "graph_random_description"
}