{
	"name": "Random Generation",
	"id": "3e624cb6-d42e-bc92-4c4c-055462714321",
	"inputs": [
		{
			"name": "Generate Random Number",
			"type": "Pulse",
			"description": "Each execution generates a new random number",
			"displayType": "Exec",
			"nameKey": "graph_random_generation_input_generaterandomnumber",
			"descriptionKey": "graph_random_generation_input_generaterandomnumber_description",
			"displayTypeKey": "graph_type_exec"
		},
		{
			"name": "Min",
			"type": "Double",
			"default_value": "0",
			"description": "The minimum value (included) of the generated random number; if the minimum value is larger than maximum value, the minimum value becomes the maximum value",
			"displayType": "Number",
			"nameKey": "graph_random_generation_input_min",
			"descriptionKey": "graph_random_generation_input_min_description",
			"displayTypeKey": "graph_type_number"
		},
		{
			"name": "Max",
			"type": "Double",
			"default_value": "1",
			"description": "The maximum value (not included) of the generated random number; if the maximum value is smaller than minimum value, the maximum value becomes the minimum value",
			"displayType": "Number",
			"nameKey": "graph_random_generation_input_max",
			"descriptionKey": "graph_random_generation_input_max_description",
			"displayTypeKey": "graph_type_number"
		}
	],
	"outputs": [
		{
			"name": "Next",
			"type": "Pulse",
			"description": "Execute the next node",
			"displayType": "Exec",
			"nameKey": "graph_random_generation_output_next",
			"descriptionKey": "graph_random_generation_output_next_description",
			"displayTypeKey": "graph_type_exec"
		},
		{
			"name": "Result",
			"type": "Double",
			"description": "The random number generated between Min and Max",
			"displayType": "Number",
			"nameKey": "graph_random_generation_output_result",
			"descriptionKey": "graph_random_generation_output_result_description",
			"displayTypeKey": "graph_type_number"
		}
	],
	"js": "CGRandom.js",
	"version": "2.0.0",
	"category": "Math",
	"description": "Generate a new random number each time it is executed",
	"productTypes": [
		"EHO",
		"EHD",
		"EHI"
	],
	"nameKey": "graph_random_generation_name",
	"categoryKey": "graph_category_math",
	"descriptionKey": "graph_random_generation_description"
}