{
	"name": "Subtract",
	"id": "0ac9aa66-03f2-395a-fb0c-690c22a2d6b6",
	"inputs": [
		{
			"name": "A",
			"type": "Double",
			"default_value": "0",
			"dynamic": true,
			"description": "The value to subtract from",
			"displayType": "Number",
			"nameKey": "graph_subtract_input_a",
			"descriptionKey": "graph_subtract_input_a_description",
			"displayTypeKey": "graph_type_number"
		},
		{
			"name": "B",
			"type": "Double",
			"default_value": "0",
			"dynamic": true,
			"description": "The value to subtract",
			"displayType": "Number",
			"nameKey": "graph_subtract_input_b",
			"descriptionKey": "graph_subtract_input_b_description",
			"displayTypeKey": "graph_type_number"
		}
	],
	"outputs": [
		{
			"name": "A-B",
			"type": "Double",
			"dynamic": true,
			"description": "The subtraction result",
			"displayType": "Number",
			"nameKey": "graph_subtract_output_ab",
			"descriptionKey": "graph_subtract_output_ab_description",
			"displayTypeKey": "graph_type_number"
		}
	],
	"js": "CGSubtract.js",
	"version": "1.0.1",
	"category": "Math",
	"description": "Subtract one value by another. Supported types: Number, Vec2, Vec3, and Vec4.",
	"supportedValueTypes": [
		"Double",
		"Int",
		"Vector2f",
		"Vector3f",
		"Vector4f"
	],
	"productTypes": [
		"EHO",
		"EHD",
		"EHI"
	],
	"nameKey": "graph_subtract_name",
	"categoryKey": "graph_category_math",
	"descriptionKey": "graph_subtract_description"
}