{
	"name": "Set Component Property",
	"id": "fab09dd5-aed1-2ba5-f8c5-0d7b1d1af013",
	"inputs": [
		{
			"name": "Enter",
			"description": "Execute this node",
			"type": "Pulse",
			"displayType": "Exec",
			"nameKey": "graph_set_component_property_input_enter",
			"descriptionKey": "graph_set_component_property_input_enter_description",
			"displayTypeKey": "graph_type_exec"
		},
		{
			"name": "Source",
			"type": "Component",
			"description": "Source component",
			"displayType": "Component",
			"nameKey": "graph_set_component_property_input_source",
			"descriptionKey": "graph_set_component_property_input_source_description",
			"displayTypeKey": "graph_type_component"
		},
		{
			"name": "Value",
			"type": "any",
			"description": "Value to set to component property",
			"displayType": "Any",
			"nameKey": "graph_set_component_property_input_value",
			"descriptionKey": "graph_set_component_property_input_value_description",
			"displayTypeKey": "graph_type_any"
		}
	],
	"outputs": [
		{
			"name": "Next",
			"description": "Execute the next node",
			"type": "Pulse",
			"displayType": "Exec",
			"nameKey": "graph_set_component_property_output_next",
			"descriptionKey": "graph_set_component_property_output_next_description",
			"displayTypeKey": "graph_type_exec"
		}
	],
	"nodeEvent": [
		"beforeStart"
	],
	"js": "CGSetComponentPropertyValue.js",
	"version": "1.0.0",
	"builtinClass": "PropertyNode",
	"category": "Component Property",
	"description": "Set property value of a component",
	"productTypes": [
		"EHO",
		"EHD",
		"EHI"
	],
	"showInLibrary": [],
	"nameKey": "graph_set_component_property_name",
	"categoryKey": "graph_category_componentproperty",
	"descriptionKey": "graph_set_component_property_description"
}